{
  "timestamp": "20260619_021700",
  "seed": 777,
  "benchmarks": [
    "bbh"
  ],
  "model": "./cache/models/models--meta-llama--Llama-3.2-3B-Instruct/snapshots/0cb88a4f764b7a12671c53f0838cd831a0843b95",
  "device": "cuda:1",
  "use_batch": true,
  "batch_size": 8,
  "use_vllm": false,
  "multi_gpu": false,
  "results": {
    "bbh": {
      "accuracy": {
        "greedy": 0.14814814814814814,
        "cot": 0.5555555555555556,
        "qubo": 0.5185185185185185
      },
      "num_samples": 27,
      "failed_samples": 0,
      "abs_gain_vs_greedy": 0.37037037037037035,
      "cot_gain_over_greedy": 0.40740740740740744
    }
  }
}