{
  "timestamp": "20260619_000032",
  "seed": 777,
  "benchmarks": [
    "mmlu"
  ],
  "model": "./cache/models/models--meta-llama--Llama-3.2-3B-Instruct/snapshots/0cb88a4f764b7a12671c53f0838cd831a0843b95",
  "device": "cuda:1",
  "use_batch": true,
  "batch_size": 8,
  "use_vllm": false,
  "multi_gpu": false,
  "results": {
    "mmlu": {
      "accuracy": {
        "greedy": 0.16666666666666666,
        "cot": 0.2,
        "qubo": 0.36666666666666664
      },
      "num_samples": 30,
      "failed_samples": 0,
      "abs_gain_vs_greedy": 0.19999999999999998,
      "cot_gain_over_greedy": 0.033333333333333354
    }
  }
}